"就診年週","全國"
"201601",8197
"201602",7898
"201603",6959
"201604",5568
"201605",5517
"201606",2574
"201607",3746
"201608",3243
"201609",2796
"201610",2794
"201611",3293
"201612",3923
"201613",4205
"201614",4659
"201615",6297
"201616",8508
"201617",10790
"201618",12708
"201619",16501
"201620",18661
"201621",20187
"201622",24574
"201623",25099
"201624",26008
"201625",25842
"201626",24021
"201627",19678
"201628",14889
"201629",12487
"201630",10688
"201631",9078
"201632",7836
"201633",7528
"201634",7292
"201635",6949
"201636",6695
"201637",6914
"201638",8616
"201639",8192
"201640",8559
"201641",8894
"201642",10606
"201643",12606
"201644",13394
"201645",12527
"201646",13263
"201647",15780
"201648",17221
"201649",17368
"201650",16561
"201651",14366
"201652",13858
"201701",11920
"201702",11826
"201703",10048
"201704",7230
"201705",4380
"201706",4206
"201707",3528
"201708",3297
"201709",2948
"201710",2721
"201711",2820
"201712",2866
"201713",2953
"201714",2510
"201715",2700
"201716",3028
"201717",3315
"201718",3439
"201719",3693
"201720",4410
"201721",4795
"201722",4837
"201723",6244
"201724",7478
"201725",8634
"201726",9625
"201727",10246
"201728",10496
"201729",11122
"201730",10974
"201731",10581
"201732",11529
"201733",12399
"201734",12618
"201735",13438
"201736",15522
"201737",17459
"201738",17161
"201739",16305
"201740",15762
"201741",15045
"201742",14679
"201743",14747
"201744",11504
"201745",10063
"201746",10808
"201747",10501
"201748",10070
"201749",9029
"201750",7523
"201751",7169
"201752",6735
"201801",5665
"201802",5260
"201803",4902
"201804",5087
"201805",4405
"201806",3579
"201807",2777
"201808",3349
"201809",3338
"201810",3582
"201811",3636
"201812",3602
"201813",3579
"201814",3670
"201815",3469
"201816",3865
"201817",4699
"201818",5559
"201819",6255
"201820",7400
"201821",9046
"201822",9873
"201823",10840
"201824",11343
"201825",10555
"201826",11460
"201827",10910
"201828",10000
"201829",9220
"201830",8419
"201831",7972
"201832",7624
"201833",6864
"201834",6160
"201835",5917
"201836",6564
"201837",7093
"201838",8040
"201839",7695
"201840",7813
"201841",6710
"201842",6688
"201843",7823
"201844",7730
"201845",8388
"201846",9565
"201847",9813
"201848",10202
"201849",10430
"201850",10796
"201851",11477
"201852",10550
"201901",9065
"201902",9653
"201903",10747
"201904",9278
"201905",7316
"201906",3226
"201907",4050
"201908",4275
"201909",4478
"201910",4199
"201911",4261
"201912",3969
"201913",4144
"201914",4372
"201915",4776
"201916",5195
"201917",5877
"201918",6566
"201919",6601
"201920",7912
"201921",9342
"201922",10286
"201923",10528
"201924",11796
"201925",13414
"201926",14468
"201927",15126
"201928",15509
"201929",14737
"201930",13942
"201931",13652
"201932",13283
"201933",13898
"201934",15062
"201935",16707
"201936",17153
"201937",18259
"201938",20083
"201939",18686
"201940",16906
"201941",15665
"201942",14647
"201943",12000
"201944",10377
"201945",10247
"201946",8970
"201947",7196
"201948",6749
"201949",6175
"201950",5403
"201951",4976
"201952",5565
"202001",5374
"202002",5411
"202003",4982
"202004",4008
"202005",2668
"202006",2248
"202007",1929
"202008",1768
"202009",1573
"202010",1472
"202011",1347
"202012",1384
"202013",1433
"202014",1178
"202015",1130
"202016",1101
"202017",1018
"202018",1103
"202019",1197
"202020",1209
"202021",1092
"202022",1168
"202023",1266
"202024",1294
"202025",1302
"202026",1173
"202027",1279
"202028",1265
"202029",1163
"202030",1189
"202031",1137
"202032",1183
"202033",1185
"202034",1253
"202035",1309
"202036",1439
"202037",1489
"202038",1443
"202039",1576
"202040",1728
"202041",2182
"202042",2865
"202043",3380
"202044",3880
"202045",3963
"202046",3842
"202047",4136
"202048",4890
"202049",5404
"202050",5375
"202051",5696
"202052",5862
"202053",5862
"202101",5246
"202102",5007
"202103",4510
"202104",4003
"202105",3666
"202106",2380
"202107",2404
"202108",2289
"202109",2255
"202110",2286
"202111",2475
"202112",2623
"202113",2531
"202114",2690
"202115",2411
"202116",2343
"202117",2335
"202118",2619
"202119",2848
"202120",2009
"202121",1041
"202122",677
"202123",625
"202124",560
"202125",597
"202126",576
"202127",642
"202128",636
"202129",573
"202130",633
"202131",595
"202132",622
"202133",714
"202134",706
"202135",743
"202136",780
"202137",748
"202138",624
"202139",742
"202140",681
"202141",649
"202142",759
"202143",738
"202144",593
"202145",589
"202146",585
"202147",679
"202148",547
"202149",558
"202150",614
"202151",581
"202152",499
"202201",590
"202202",577
"202203",522
"202204",486
"202205",252
"202206",452
"202207",526
"202208",436
"202209",534
"202210",621
"202211",578
"202212",547
"202213",533
"202214",477
"202215",510
"202216",521
"202217",548
"202218",416
"202219",442
"202220",421
"202221",347
"202222",411
"202223",366
"202224",339
"202225",326
"202226",337
"202227",358
"202228",412
"202229",418
"202230",387
"202231",397
"202232",426
"202233",512
"202234",501
"202235",508
"202236",413
"202237",465
"202238",544
"202239",494
"202240",541
"202241",502
"202242",547
"202243",567
"202244",525
"202245",471
"202246",478
"202247",537
"202248",644
"202249",669
"202250",752
"202251",894
"202252",1062
"202301",1194
"202302",1678
"202303",1830
"202304",827
"202305",1241
"202306",1469
"202307",1921
"202308",2187
"202309",2069
"202310",2164
"202311",2454
"202312",2871
"202313",3864
"202314",3860
"202315",5011
"202316",7233
"202317",9310
"202318",10422
"202319",10972
"202320",11254
"202321",11962
"202322",11995
"202323",11966
"202324",11595
"202325",9905
"202326",9734
"202327",9349
"202328",9109
"202329",8781
"202330",8279
"202331",7545
"202332",9207
"202333",10388
"202334",10999
"202335",11219
"202336",11421
"202337",12218
"202338",12282
"202339",11602
"202340",11773
"202341",10302
"202342",10320
"202343",10539
"202344",11341
"202345",11613
"202346",11258
"202347",9853
"202348",8643
"202349",8598
"202350",9490
"202351",9149
"202352",8788
"202401",8670
"202402",8745
"202403",8234
"202404",7247
"202405",6535
"202406",6202
"202407",4516
"202408",5380
"202409",6117
"202410",6088
"202411",6418
"202412",6749
"202413",6753
"202414",7522
"202415",9401
"202416",11709
"202417",13953
"202418",16182
"202419",17943
"202420",17430
"202421",15140
"202422",16657
"202423",17929
"202424",17557
"202425",18885
"202426",19180
"202427",18590
"202428",17180
"202429",16106
"202430",13321
"202431",11243
"202432",11371
"202433",12703
"202434",13635
"202435",14144
"202436",14246
"202437",14568
"202438",16162
"202439",17814
"202440",17081
"202441",15690
"202442",16321
"202443",18226
"202444",19493
"202445",21155
"202446",22646
"202447",26596
"202448",26770
"202449",22834
"202450",18244
"202451",16633
"202452",15117
"202501",14650
"202502",12911
"202503",10176
"202504",8920
"202505",4032
"202506",4867
"202507",4318
"202508",4483
"202509",4269
"202510",4292
"202511",4302
"202512",4069
"202513",3636
"202514",3013
"202515",3259
"202516",3555
"202517",3625
"202518",3943
"202519",4268
"202520",5081
"202521",5192
"202522",4871
"202523",5511
"202524",6423
"202525",7238
"202526",7132
"202527",7229
"202528",6544
"202529",6865
"202530",6981
"202531",6887
"202532",7284
"202533",7812
"202534",7906
"202535",7946
"202536",8151
"202537",8979
"202538",8899
"202539",8891
"202540",9023
"202541",8474
"202542",9364
"202543",8985
"202544",10491
"202545",11283
"202546",11936
"202547",12605
"202548",12629
"202549",11185
"202550",10867
"202551",10778
"202552",10259
"202553",9401
"202601",8602
"202602",7220
"202603",7125
"202604",6431
"202605",6121
"202606",5519
"202607",1975
"202608",2875
"202609",3132
"202610",3477
"202611",3182
"202612",3098
"202613",3056
"202614",3157
"202615",3727
"202616",4178
"202617",4010
"202618",4244
"202619",4802
"202620",5317
"202621",5843
"202622",5942
"202623",6203
"202624",6613
"202625",7258
"202626",8000
"202627",7804
"202628",7966
"202629",7013
"202630",6416
"202631",6358
"202632",6731
"202633",6723
"202634",7194
"202635",8317
